Doctor_ID,Doctor_Name,Doctor_Specialty,Doctor_Phone
D004,Dr. Katelyn Gomez,Orthopedics,+1-674-690-5444x07201
D018,Dr. David Stevens,General Practice,4774279205
D029,Dr. Karen Campos PhD,Pediatrics,420-937-1178x69247
D031,Dr. Melissa Adams,Oncology,998-851-5284x5055
D044,Dr. Stacey Harris,Orthopedics,001-566-474-0715x08521
D008,Dr. Kristen Carlson,Pediatrics,421-559-2970x305
D045,Dr. Adam Collins,Neurology,+1-729-312-3326
D040,Dr. Jennifer Sullivan,Oncology,9082190032
D005,Dr. Philip Wilson,Cardiology,001-236-431-0994x675
D036,Dr. Katie Preston,Oncology,644-244-1290x35432
D001,Dr. Joshua Williams,Neurology,(488)714-0194x67666
D028,Dr. Nathaniel Reed,Neurology,309.405.8607
D046,Dr. Brandy Watson,Oncology,516.320.5762x226
D024,Dr. Tara Diaz,General Practice,747-904-7228
D011,Dr. John Cox,Pediatrics,+1-300-280-6964x846
D027,Dr. Jordan Davis,Neurology,(989)455-9106
D015,Dr. Rebecca Cooper,Pediatrics,618.668.3816
D010,Dr. Daniel Robinson,Neurology,705.825.3349x16266
D020,Dr. Diana Jordan,General Practice,(203)605-9097
D017,Dr. Ian Marsh,Cardiology,754-832-4380
D013,Dr. Cheryl Pineda,Orthopedics,(664)287-4504x83051
D026,Dr. Mark Weaver,Pediatrics,(611)929-5205x7784
D022,Dr. Thomas Williams,Neurology,8585093123
D047,Dr. Victoria Thomas,Cardiology,3108893305
D035,Dr. Dylan Moyer,Pediatrics,(283)976-9146
D041,Dr. Theresa Lam,Pediatrics,(674)710-3716x040
D012,Dr. Nicole Wilson,Neurology,269.964.5474x9111
D034,Dr. Jennifer Davis,Orthopedics,949-251-4188
D019,Dr. Chris Wilkins,Pediatrics,7664042209
D050,Dr. Bobby Davis,Neurology,402.719.1274x29333
D049,Dr. Jorge Navarro,General Practice,290.486.8972x2031
D038,Dr. Jennifer Hunter,Pediatrics,(809)960-5461x55523
D003,Dr. Lisa Daugherty,Oncology,+1-378-505-3982x496
D032,Dr. Allen Thomas,Orthopedics,635-885-3971x468
D021,Dr. Jonathon Mitchell,General Practice,(546)206-6268
D007,Dr. Jason Vasquez,Neurology,001-829-903-5381x79569
D014,Dr. Tracey Mann,Oncology,(975)835-3568x384
D039,Dr. Jason Miller,Neurology,799.981.8979
D037,Dr. Amy Thomas,Neurology,(212)595-9935
D030,Dr. Tanya Harris,Pediatrics,345-928-8029x1894
D006,Dr. Russell Cobb,Oncology,686.918.2812
D043,Dr. Daniel Henry,Oncology,(429)732-6097
D025,Dr. Amy Leonard MD,Oncology,+1-217-901-8298x155
D042,Dr. Vincent Cameron DDS,Pediatrics,+1-281-802-1550x589
D009,Dr. Lee Flores,Neurology,549.497.3596
D023,Dr. Timothy Chan,Pediatrics,001-858-489-1176
D048,Dr. Damon Reyes,Orthopedics,773.841.8949
D002,Dr. Sarah Nguyen,Pediatrics,963-575-6411
D016,Dr. Robert Williams,Oncology,(659)632-5951x8139
D033,Dr. Katie Delgado,Orthopedics,(334)641-8363x02469
